{"cameraMode":{"drawMode":0,"name":"Shaded","section":"Shading Mode"},"sceneLighting":true,"audioPlay":false,"sceneViewState":{"showFog":true,"showMaterialUpdate":false,"showSkybox":true,"showFlares":true,"showImageEffects":true,"showParticleSystems":true,"showVisualEffectGraphs":true,"m_FxEnabled":true},"in2DMode":false,"pivot":{"x":-0.1467774361371994,"y":0.23600447177886964,"z":-2.081932306289673},"rotation":{"x":-0.002999266842380166,"y":-0.0074999225325882439,"z":-0.000021854444639757276,"w":0.9999678134918213},"size":2.3599584102630617,"orthographic":true}